Timestamp,Signing Time (ms),Response Time (ms),Status Code,Result,Response Body
2025-08-06T23:01:02.853091,0.0208,2040.5023,200,SUCCESS,"{
  ""message"": ""Request received successfully""
}"
2025-08-06T23:01:05.871289,0.0208,2017.6877,200,SUCCESS,"{
  ""message"": ""Request received successfully""
}"
2025-08-06T23:01:08.897554,0.0208,2025.7886,200,SUCCESS,"{
  ""message"": ""Request received successfully""
}"
2025-08-06T23:01:11.926488,0.0208,2028.3609,200,SUCCESS,"{
  ""message"": ""Request received successfully""
}"
2025-08-06T23:01:14.947450,0.0208,2020.5232,200,SUCCESS,"{
  ""message"": ""Request received successfully""
}"
2025-08-06T23:01:17.978002,0.0208,2029.9781,200,SUCCESS,"{
  ""message"": ""Request received successfully""
}"
2025-08-06T23:01:21.015289,0.0208,2036.5905,200,SUCCESS,"{
  ""message"": ""Request received successfully""
}"
2025-08-06T23:01:24.047349,0.0208,2031.3836,200,SUCCESS,"{
  ""message"": ""Request received successfully""
}"
2025-08-06T23:01:27.083581,0.0208,2035.8516,200,SUCCESS,"{
  ""message"": ""Request received successfully""
}"
2025-08-06T23:01:30.099566,0.0208,2015.5615,200,SUCCESS,"{
  ""message"": ""Request received successfully""
}"
2025-08-06T23:01:33.125487,0.0208,2025.137,200,SUCCESS,"{
  ""message"": ""Request received successfully""
}"
2025-08-06T23:01:36.147637,0.0208,2021.3576,200,SUCCESS,"{
  ""message"": ""Request received successfully""
}"
2025-08-06T23:01:39.164302,0.0208,2016.2694,200,SUCCESS,"{
  ""message"": ""Request received successfully""
}"
2025-08-06T23:01:42.183467,0.0208,2018.7076,200,SUCCESS,"{
  ""message"": ""Request received successfully""
}"
2025-08-06T23:01:45.208862,0.0208,2024.9393,200,SUCCESS,"{
  ""message"": ""Request received successfully""
}"
2025-08-06T23:01:48.226860,0.0208,2017.4251,200,SUCCESS,"{
  ""message"": ""Request received successfully""
}"
2025-08-06T23:01:51.266435,0.0208,2039.1194,200,SUCCESS,"{
  ""message"": ""Request received successfully""
}"
